epoch,iter,loss_cons,loss_det_A,loss_det_B,num_pairs,dim_diff,angle_diff
0,0,0.232631,162.0683,157.3532,38,0.104989,0.127643
0,8,0.180904,50.8206,51.9766,24,0.086054,0.09485
0,16,0.166598,42.7618,43.2439,20,0.081866,0.084732
0,24,0.18739,36.7719,37.5812,19,0.097865,0.089525
0,32,0.174188,36.8867,36.8108,12,0.086711,0.087477
0,40,0.163949,36.0437,36.0195,36,0.085346,0.078603
0,48,0.139064,33.3842,32.5373,21,0.06612,0.072944
0,56,0.141546,33.7405,35.4094,26,0.069602,0.071943
0,64,0.133784,35.7357,36.4404,45,0.065064,0.06872
0,72,0.146019,36.4578,38.1193,13,0.079174,0.066846
0,80,0.128466,35.5664,34.2665,28,0.062889,0.065576
0,88,0.131212,31.96,33.4115,13,0.067652,0.06356
0,96,0.118928,35.2586,34.2759,23,0.055461,0.063467
0,104,0.117546,32.8179,32.7083,34,0.056327,0.061219
0,112,0.130893,31.7521,31.0074,20,0.066045,0.064848
0,120,0.120061,33.2141,33.4611,14,0.053119,0.066942
0,128,0.123405,32.0146,32.3389,18,0.064214,0.05919
0,136,0.120969,30.2308,31.3384,27,0.059318,0.061651
0,144,0.127718,30.4514,31.044,20,0.064877,0.062842
0,152,0.120919,30.2703,31.7495,37,0.058444,0.062475
0,160,0.123121,31.8003,31.206,20,0.059674,0.063447
0,168,0.114022,31.3858,31.5978,22,0.053091,0.06093
0,176,0.12228,29.0896,28.9264,29,0.063257,0.059023
0,184,0.11139,29.6896,30.4506,38,0.05066,0.06073
0,192,0.127252,29.2986,32.1112,31,0.065262,0.06199
0,200,0.106877,29.7044,28.9518,30,0.046494,0.060384
0,208,0.106545,28.9303,29.8023,27,0.047351,0.059194
0,216,0.117791,28.5527,28.208,19,0.056267,0.061523
0,224,0.106547,30.2714,29.1749,13,0.048696,0.057851
0,232,0.104691,27.4574,27.0612,16,0.041564,0.063126
0,240,0.129798,30.4473,31.2001,28,0.063523,0.066275
0,248,0.104067,27.9513,27.6322,24,0.043301,0.060766
0,256,0.106629,28.4386,29.3488,29,0.047803,0.058826
0,264,0.118074,27.161,27.5321,39,0.049422,0.068652
0,272,0.11688,28.9091,30.2356,11,0.050355,0.066524
0,280,0.119892,26.2335,25.3553,12,0.051595,0.068296
0,288,0.124285,27.1193,26.5255,16,0.053502,0.070783
0,296,0.122441,27.5437,28.989,18,0.056698,0.065743
0,304,0.10817,27.8831,27.4325,25,0.042999,0.065172
0,312,0.116332,27.6269,28.4784,42,0.03905,0.077282
0,320,0.098959,29.8271,28.8743,32,0.039367,0.059592
0,328,0.116011,26.7802,26.4487,37,0.050495,0.065516
0,336,0.10209,28.5528,27.5966,32,0.038831,0.063259
0,344,0.12797,26.4022,26.1205,41,0.049697,0.078273
0,352,0.121187,25.5413,26.2845,40,0.048958,0.072229
0,360,0.111381,26.5878,28.052,30,0.043967,0.067414
0,368,0.125524,25.4856,26.122,16,0.0445,0.081024
0,376,0.117442,28.7955,28.2788,7,0.045514,0.071928
0,384,0.134234,26.1741,27.3624,15,0.053971,0.080263
0,392,0.104378,24.7503,24.8196,12,0.039799,0.06458
0,400,0.128211,25.0147,24.0168,14,0.057936,0.070275
0,408,0.122829,26.1605,26.464,30,0.046176,0.076652
0,416,0.153401,27.6856,28.2328,22,0.048036,0.105365
0,424,0.126139,27.5454,27.3937,19,0.041565,0.084574
0,432,0.112456,25.9103,26.7486,18,0.040182,0.072274
0,440,0.099447,31.0889,31.7488,4,0.033982,0.065465
0,448,0.141487,25.5495,26.1221,29,0.047873,0.093614
0,456,0.117688,27.8434,26.9907,29,0.044457,0.073231
1,0,0.13665,27.8473,26.6857,20,0.052523,0.084126
1,8,0.130567,27.1164,27.9016,21,0.047131,0.083436
1,16,0.153413,26.5802,24.9816,11,0.053165,0.100249
1,24,0.134887,25.3755,26.5084,22,0.058654,0.076233
1,32,0.136242,25.4842,25.8076,30,0.047,0.089242
1,40,0.124288,27.7207,26.7884,33,0.042386,0.081902
1,48,0.114765,23.8818,22.5385,15,0.049044,0.065722
1,56,0.127247,25.7314,25.6592,30,0.038708,0.088539
1,64,0.126177,26.631,24.6983,32,0.041558,0.084619
1,72,0.120409,26.5378,25.002,30,0.038251,0.082158
1,80,0.146203,24.472,23.5935,28,0.048854,0.097348
1,88,0.143185,24.5207,26.1178,11,0.042222,0.100963
1,96,0.154484,22.9227,22.8785,18,0.052939,0.101544
1,104,0.16279,24.8446,24.1562,27,0.048864,0.113926
1,112,0.113407,21.3175,21.7584,18,0.04155,0.071857
1,120,0.14563,22.5931,23.6118,18,0.05066,0.09497
1,128,0.139209,24.2144,23.8284,16,0.046442,0.092767
1,136,0.150393,23.5117,23.7789,25,0.054863,0.09553
1,144,0.149626,25.6391,25.3729,29,0.045062,0.104564
1,152,0.1377,22.5257,22.8819,23,0.038855,0.098845
1,160,0.15686,23.4853,23.0421,32,0.048091,0.108768
1,168,0.125777,22.805,22.6355,34,0.040909,0.084868
1,176,0.141404,23.1676,22.8441,43,0.041757,0.099648
1,184,0.147745,22.3033,22.8385,24,0.041934,0.10581
1,192,0.130741,24.2577,23.7259,26,0.043034,0.087708
1,200,0.137883,22.6718,24.042,23,0.045121,0.092762
1,208,0.13893,24.1152,23.6815,34,0.044126,0.094804
1,216,0.123,23.3338,23.8254,17,0.041104,0.081895
1,224,0.126573,23.4716,24.5643,19,0.040529,0.086045
1,232,0.171869,24.7555,23.8672,44,0.044847,0.127022
1,240,0.149059,21.8314,21.1281,26,0.04637,0.102689
1,248,0.138921,24.5191,24.1632,22,0.04438,0.09454
1,256,0.156131,21.2063,19.1783,17,0.04089,0.115241
1,264,0.120725,23.262,23.8519,24,0.036909,0.083815
1,272,0.173445,20.8707,20.2494,24,0.054708,0.118737
1,280,0.144808,23.0668,22.9437,33,0.043009,0.101799
1,288,0.143637,21.6128,21.4615,27,0.039883,0.103754
1,296,0.127488,22.6174,23.2081,24,0.036684,0.090804
1,304,0.126919,20.0527,17.2983,10,0.03007,0.09685
1,312,0.16272,20.7992,21.2352,24,0.045544,0.117175
1,320,0.190509,22.9747,23.2839,19,0.049471,0.141038
1,328,0.178075,23.5536,23.8635,8,0.043813,0.134262
1,336,0.164904,23.6721,24.0427,25,0.049452,0.115452
1,344,0.129005,24.3577,25.2427,26,0.039827,0.089178
1,352,0.166578,22.1706,21.8168,26,0.049161,0.117417
1,360,0.145651,24.4061,24.6858,29,0.032449,0.113203
1,368,0.13879,21.3464,21.4331,39,0.040703,0.098087
1,376,0.17149,23.2644,23.0921,8,0.050954,0.120536
1,384,0.113126,25.8061,26.1253,16,0.030721,0.082405
1,392,0.16031,24.7887,24.7,30,0.038782,0.121528
1,400,0.159837,25.058,25.6407,15,0.038862,0.120975
1,408,0.168053,21.3892,19.7606,23,0.04291,0.125143
1,416,0.148158,24.1616,24.1657,26,0.035664,0.112494
1,424,0.168549,19.578,20.4415,27,0.048577,0.119972
1,432,0.150629,21.8209,22.0122,40,0.042066,0.108562
1,440,0.150577,22.4783,22.743,19,0.033717,0.11686
1,448,0.18811,20.5017,21.6563,9,0.037509,0.150601
1,456,0.165564,21.3834,21.8268,27,0.039959,0.125605
2,0,0.159387,21.2959,21.122,15,0.041879,0.117508
2,8,0.158777,21.5325,22.0392,39,0.038879,0.119897
2,16,0.157369,16.9677,18.1456,13,0.04456,0.112809
2,24,0.131902,19.554,18.39,16,0.032978,0.098925
2,32,0.159466,25.8798,28.0597,11,0.038603,0.120863
2,40,0.191584,20.2853,19.4392,31,0.043963,0.147621
2,48,0.173528,19.7942,20.8801,13,0.043656,0.129872
2,56,0.147926,20.1874,20.7069,24,0.042271,0.105655
2,64,0.155274,21.9047,20.8778,27,0.042924,0.11235
2,72,0.142501,22.4997,22.1705,19,0.038297,0.104204
2,80,0.164997,22.691,23.2468,27,0.041372,0.123625
2,88,0.141487,20.2813,20.3756,26,0.040451,0.101036
2,96,0.149588,17.9969,18.5561,8,0.027198,0.12239
2,104,0.193916,24.818,23.086,9,0.034612,0.159304
2,112,0.130896,23.0564,22.7165,17,0.03275,0.098146
2,120,0.134764,18.6033,19.2624,17,0.036758,0.098006
2,128,0.143016,19.2702,19.5532,30,0.032507,0.110509
2,136,0.157463,19.2249,19.8365,18,0.043968,0.113496
2,144,0.136562,19.4548,18.9969,24,0.033947,0.102615
2,152,0.147214,20.9255,20.9868,33,0.034378,0.112836
2,160,0.203989,23.3714,22.5379,17,0.040534,0.163455
2,168,0.161815,16.6996,17.4448,11,0.049917,0.111898
2,176,0.179981,19.7447,19.7473,15,0.040882,0.139098
2,184,0.164753,19.913,18.3769,25,0.040453,0.1243
2,192,0.170354,19.7324,20.1017,22,0.039226,0.131128
2,200,0.168301,21.5942,22.0752,22,0.038675,0.129626
2,208,0.176658,24.5868,25.2375,34,0.034411,0.142247
2,216,0.17903,23.0013,24.202,21,0.039506,0.139525
2,224,0.164298,18.959,20.508,21,0.03976,0.124538
2,232,0.162159,22.2669,23.4777,26,0.042634,0.119526
2,240,0.165698,20.6796,19.7134,22,0.041871,0.123827
2,248,0.176721,20.9498,19.3941,14,0.036057,0.140664
2,256,0.163436,20.1095,20.5146,30,0.035481,0.127955
2,264,0.150112,16.9352,18.1287,24,0.035886,0.114226
2,272,0.1688,21.1006,21.4082,22,0.042655,0.126146
2,280,0.153944,21.2934,21.973,14,0.040984,0.112961
2,288,0.179417,20.6189,19.7925,34,0.029676,0.149741
2,296,0.184869,24.8832,23.4013,14,0.037001,0.147868
2,304,0.179434,20.5789,22.7274,19,0.042254,0.13718
2,312,0.166354,16.7355,16.5343,13,0.042318,0.124037
2,320,0.160984,19.702,20.152,21,0.035668,0.125316
2,328,0.2208,22.6264,23.1014,20,0.03742,0.18338
2,336,0.185958,18.7003,18.4309,38,0.038214,0.147744
2,344,0.170249,19.671,19.6314,29,0.035162,0.135087
2,352,0.183902,19.3238,17.8583,19,0.030537,0.153365
2,360,0.217114,21.0323,20.625,25,0.038311,0.178803
2,368,0.160922,16.9142,15.4122,21,0.041131,0.11979
2,376,0.159254,21.2397,21.3679,26,0.038654,0.1206
2,384,0.215824,26.6355,26.4749,17,0.041177,0.174647
2,392,0.178684,19.2079,19.1047,12,0.050119,0.128566
2,400,0.203599,20.6314,21.0096,23,0.034284,0.169315
2,408,0.20917,20.6258,22.0128,27,0.043356,0.165814
2,416,0.17119,19.6289,18.6585,36,0.032396,0.138794
2,424,0.181239,19.448,18.5704,40,0.032394,0.148845
2,432,0.165194,18.3459,19.1622,51,0.035003,0.130191
2,440,0.125336,23.5053,23.261,9,0.023353,0.101983
2,448,0.16556,17.8636,18.1581,30,0.032422,0.133138
2,456,0.163977,18.6908,18.0772,9,0.026554,0.137423
3,0,0.178267,18.514,18.5624,27,0.03388,0.144387
3,8,0.207919,18.1756,19.431,12,0.036949,0.17097
3,16,0.1882,19.6504,20.9018,28,0.035749,0.152451
3,24,0.192703,21.4898,21.7873,16,0.050667,0.142035
3,32,0.185929,15.1741,15.3471,14,0.042905,0.143024
3,40,0.195884,19.8583,19.7666,20,0.039892,0.155992
3,48,0.207868,22.088,21.3127,35,0.042533,0.165335
3,56,0.197948,21.0561,20.7869,21,0.041125,0.156824
3,64,0.217941,16.9349,16.4943,24,0.037162,0.180779
3,72,0.186892,20.7528,19.8163,41,0.035314,0.151578
3,80,0.17339,18.3254,18.8974,33,0.034729,0.138661
3,88,0.170325,19.8215,20.266,34,0.036224,0.1341
3,96,0.153516,16.929,18.6788,25,0.032421,0.121095
3,104,0.25298,20.6275,19.3912,19,0.040434,0.212546
3,112,0.198428,17.5031,17.564,20,0.03829,0.160139
3,120,0.15649,20.2127,19.7352,23,0.029394,0.127095
3,128,0.187667,17.9707,18.1356,28,0.038485,0.149182
3,136,0.173806,18.31,18.0406,27,0.042761,0.131045
3,144,0.195254,17.0295,16.3211,19,0.041154,0.154101
3,152,0.219074,19.1071,18.2612,25,0.039685,0.179389
3,160,0.175297,20.6737,20.509,39,0.039909,0.135388
3,168,0.199904,17.6684,17.8442,34,0.038536,0.161368
3,176,0.196185,21.0972,21.6421,29,0.035159,0.161026
3,184,0.189536,17.8107,16.4335,19,0.036568,0.152968
3,192,0.18051,18.6336,19.4344,33,0.040014,0.140496
3,200,0.181118,18.1513,18.2502,48,0.037872,0.143246
3,208,0.216746,18.5558,19.4086,27,0.037288,0.179458
3,216,0.188924,19.2874,17.8263,14,0.035083,0.15384
3,224,0.199881,17.1809,16.7146,24,0.037514,0.162366
3,232,0.209766,18.4791,18.1497,24,0.041036,0.16873
3,240,0.193518,19.5568,21.0611,30,0.03413,0.159387
3,248,0.174582,20.3716,21.0546,27,0.036585,0.137997
3,256,0.237539,17.0952,18.0866,14,0.041238,0.196302
3,264,0.186959,18.296,18.1363,16,0.035724,0.151235
3,272,0.161382,20.9697,23.2188,13,0.02873,0.132652
3,280,0.215491,15.9361,15.9163,28,0.043377,0.172114
3,288,0.204749,19.9423,18.1058,23,0.032849,0.1719
3,296,0.142877,19.0828,18.6688,21,0.030202,0.112675
3,304,0.225476,19.738,18.4343,25,0.049476,0.176
3,312,0.216373,19.4071,18.8812,21,0.041874,0.174499
3,320,0.228374,18.7602,19.4266,38,0.047613,0.180761
3,328,0.188723,18.204,18.1752,15,0.031545,0.157178
3,336,0.183425,18.0749,18.4458,27,0.031961,0.151464
3,344,0.182278,16.3599,15.8494,48,0.039206,0.143072
3,352,0.144502,16.0267,15.3653,12,0.037095,0.107407
3,360,0.21771,17.8964,18.7735,19,0.035435,0.182275
3,368,0.219267,19.3744,19.8844,36,0.038954,0.180313
3,376,0.193306,16.8136,18.652,30,0.034737,0.158569
3,384,0.201211,17.6272,17.6632,51,0.033229,0.167982
3,392,0.204659,19.3753,19.8115,23,0.032071,0.172589
3,400,0.171778,16.525,16.5611,34,0.035323,0.136455
3,408,0.203221,16.3123,16.8071,21,0.038683,0.164538
3,416,0.165225,16.7664,16.5627,18,0.031754,0.133472
3,424,0.171558,19.101,18.3517,17,0.038848,0.13271
3,432,0.224818,18.6608,18.3822,24,0.039321,0.185497
3,440,0.216247,19.0309,21.4151,23,0.044113,0.172134
3,448,0.214683,19.8336,20.0573,26,0.041651,0.173032
3,456,0.178776,16.1842,14.7366,28,0.036833,0.141943
4,0,0.212836,14.9308,15.3438,26,0.035414,0.177422
4,8,0.228786,16.8706,17.8325,19,0.029483,0.199303
4,16,0.190598,16.203,16.2341,22,0.030953,0.159645
4,24,0.199922,21.1692,19.5683,14,0.026853,0.17307
4,32,0.19424,20.4282,20.3991,27,0.040087,0.154153
4,40,0.171478,17.6008,19.0497,23,0.036296,0.135182
4,48,0.231784,16.9939,19.2084,18,0.053508,0.178276
4,56,0.220384,18.7232,17.7598,25,0.040957,0.179428
4,64,0.224885,16.3417,16.7991,29,0.039118,0.185767
4,72,0.202966,16.9669,17.194,26,0.033709,0.169256
4,80,0.211895,19.7224,19.8723,14,0.035986,0.175909
4,88,0.217544,20.2851,20.6057,15,0.030393,0.187151
4,96,0.23172,18.0988,19.9541,30,0.040505,0.191215
4,104,0.216144,20.0744,18.5664,31,0.033611,0.182534
4,112,0.160089,17.1973,17.4062,23,0.031386,0.128703
4,120,0.206219,19.4786,19.5293,29,0.039574,0.166644
4,128,0.183596,15.8876,16.1319,38,0.035714,0.147882
4,136,0.169532,14.6823,15.4684,21,0.032439,0.137093
4,144,0.207245,15.1437,17.0432,18,0.033644,0.173601
4,152,0.208021,16.0674,15.7699,23,0.040809,0.167212
4,160,0.230594,20.775,21.9181,25,0.045726,0.184869
4,168,0.222957,17.2889,18.1904,6,0.025325,0.197632
4,176,0.174507,16.5315,14.729,13,0.041917,0.13259
4,184,0.251644,15.4628,17.0418,25,0.036679,0.214965
4,192,0.210355,15.5407,14.9869,12,0.037123,0.173232
4,200,0.216933,16.7884,16.5763,42,0.044383,0.17255
4,208,0.21428,14.6991,14.8098,14,0.037688,0.176593
4,216,0.189719,16.9785,16.5822,30,0.034569,0.15515
4,224,0.176529,16.1793,16.0151,23,0.034589,0.14194
4,232,0.180272,15.8775,14.3879,24,0.036455,0.143816
4,240,0.197741,16.9753,17.2306,17,0.041291,0.15645
4,248,0.206938,15.3582,15.8337,20,0.045658,0.16128
4,256,0.183381,16.977,15.9075,18,0.032343,0.151038
4,264,0.236678,19.5245,21.2406,25,0.039608,0.19707
4,272,0.214009,16.6812,16.1552,25,0.039392,0.174617
4,280,0.198461,14.467,13.4648,22,0.038682,0.159779
4,288,0.255931,17.0977,17.4756,25,0.052321,0.20361
4,296,0.2595,17.243,17.8571,42,0.040025,0.219476
4,304,0.179305,17.4821,17.1313,33,0.027657,0.151648
4,312,0.19619,14.441,15.0032,28,0.039141,0.157049
4,320,0.258235,17.1499,18.2811,24,0.042392,0.215843
4,328,0.22334,19.2352,19.3387,36,0.042178,0.181162
4,336,0.201175,16.8668,17.4722,31,0.041411,0.159764
4,344,0.240336,20.0371,20.0871,19,0.042267,0.198069
4,352,0.230861,14.2188,14.4101,14,0.046148,0.184713
4,360,0.192052,15.8229,15.0201,20,0.040869,0.151184
4,368,0.172069,14.4274,15.035,16,0.032923,0.139146
4,376,0.226303,15.6333,15.4682,21,0.046626,0.179677
4,384,0.186157,16.3136,15.5174,20,0.033965,0.152192
4,392,0.340621,18.9653,19.3571,2,0.063644,0.276977
4,400,0.231226,16.6098,16.214,25,0.043787,0.187439
4,408,0.179744,16.2453,16.61,30,0.031066,0.148678
4,416,0.191819,16.641,16.4116,33,0.03543,0.15639
4,424,0.216633,17.905,16.6405,26,0.036623,0.18001
4,432,0.235368,19.8565,19.0159,18,0.039539,0.195828
4,440,0.212283,17.7373,16.983,27,0.044749,0.167534
4,448,0.198029,17.6425,16.6136,19,0.035577,0.162452
4,456,0.243498,17.0475,17.01,29,0.039183,0.204315
5,0,0.210989,18.6882,18.0172,41,0.037844,0.173145
5,8,0.240523,16.0184,15.3341,23,0.041092,0.19943
5,16,0.220651,16.9135,16.7614,21,0.045265,0.175386
5,24,0.201061,19.3059,20.3191,37,0.043199,0.157862
5,32,0.2057,15.4531,15.0517,12,0.040406,0.165294
5,40,0.223402,17.12,15.9763,29,0.037771,0.185632
5,48,0.203069,16.6638,16.148,26,0.033892,0.169177
5,56,0.19649,16.977,16.2707,32,0.035495,0.160995
5,64,0.208073,19.8344,19.3661,21,0.047654,0.160419
5,72,0.211779,16.7768,18.0331,12,0.054465,0.157314
5,80,0.242792,19.0146,17.7514,41,0.04297,0.199822
5,88,0.254429,19.2507,20.1388,12,0.045576,0.208853
5,96,0.207264,15.7722,16.5517,30,0.043065,0.164198
5,104,0.245547,16.5171,17.5719,20,0.046189,0.199358
5,112,0.235504,17.4191,17.3213,29,0.039913,0.195591
5,120,0.197874,16.2199,16.7073,27,0.031463,0.166411
5,128,0.270333,18.357,18.6947,49,0.041566,0.228768
5,136,0.222639,16.2685,15.2859,25,0.034146,0.188493
5,144,0.193278,15.9681,16.4036,36,0.032254,0.161024
5,152,0.209455,12.8179,13.2511,14,0.029711,0.179744
5,160,0.243739,18.8336,18.8037,21,0.038285,0.205453
5,168,0.191356,16.2784,15.6634,16,0.033866,0.157489
5,176,0.188077,16.4758,15.9588,16,0.029168,0.15891
5,184,0.256297,16.019,15.1067,19,0.035638,0.220659
5,192,0.215433,12.7511,12.8543,12,0.03676,0.178672
5,200,0.208966,15.6832,15.6479,9,0.033453,0.175514
5,208,0.194689,18.2783,17.7266,28,0.034104,0.160585
5,216,0.163184,13.8614,14.8162,21,0.03552,0.127664
5,224,0.195937,18.662,19.4404,28,0.034019,0.161918
5,232,0.232414,18.0718,18.754,20,0.043716,0.188698
5,240,0.212375,13.716,15.5667,15,0.037763,0.174613
5,248,0.201254,13.4423,15.2529,23,0.033606,0.167647
5,256,0.219844,16.1583,15.4665,33,0.036605,0.183239
5,264,0.213142,14.6004,15.3574,21,0.039846,0.173296
5,272,0.204277,16.4455,15.864,41,0.037353,0.166924
5,280,0.199586,14.8018,17.2552,27,0.040255,0.15933
5,288,0.219873,17.3243,19.4873,15,0.039184,0.180689
5,296,0.218379,15.0853,15.1543,16,0.041292,0.177087
5,304,0.216096,20.1628,15.9581,19,0.037353,0.178744
5,312,0.236228,18.2305,18.8954,29,0.044933,0.191295
5,320,0.223461,17.3392,17.3113,42,0.032683,0.190778
5,328,0.218288,17.2114,15.83,40,0.038949,0.17934
5,336,0.217655,17.1475,17.7462,23,0.040656,0.177
5,344,0.16739,14.3004,14.2706,27,0.033324,0.134066
5,352,0.206409,16.0345,17.8652,34,0.032176,0.174233
5,360,0.2089,15.4791,14.7085,23,0.034113,0.174787
5,368,0.305439,14.7145,14.7669,14,0.052056,0.253384
5,376,0.171562,14.3356,15.3728,23,0.029682,0.14188
5,384,0.241881,19.2684,20.9473,25,0.038825,0.203055
5,392,0.216838,14.312,14.5268,32,0.037938,0.1789
5,400,0.211894,20.2994,18.2863,32,0.033042,0.178851
5,408,0.190628,14.5583,14.8735,20,0.029032,0.161596
5,416,0.322441,21.559,23.3642,11,0.055189,0.267252
5,424,0.235661,15.4983,16.4405,9,0.050005,0.185657
5,432,0.303652,17.8615,18.3043,16,0.046658,0.256994
5,440,0.17728,18.6125,18.3638,22,0.035266,0.142014
5,448,0.221568,15.9383,16.3905,11,0.033818,0.18775
5,456,0.216855,17.6105,17.4468,20,0.044214,0.172641
6,0,0.212961,16.7749,17.9159,18,0.040304,0.172657
6,8,0.153243,16.4295,16.4367,24,0.026357,0.126886
6,16,0.187558,16.7384,16.7859,18,0.027166,0.160392
6,24,0.184644,13.272,11.9334,23,0.03644,0.148203
6,32,0.177361,14.1734,13.7894,27,0.036422,0.140939
6,40,0.174738,13.7024,14.8972,16,0.039139,0.135599
6,48,0.203057,14.9638,15.8264,13,0.042668,0.160389
6,56,0.258599,17.2673,17.2843,33,0.05072,0.207878
6,64,0.196857,14.0177,13.4938,25,0.040415,0.156442
6,72,0.1879,16.2974,16.5332,30,0.039727,0.148173
6,80,0.243208,16.0816,18.2913,28,0.04023,0.202978
6,88,0.23948,12.7937,13.2829,19,0.040765,0.198715
6,96,0.208377,14.6281,13.1348,22,0.033893,0.174484
6,104,0.238308,20.1886,18.6564,30,0.03677,0.201538
6,112,0.231367,15.2168,13.6377,27,0.04394,0.187427
6,120,0.167717,12.661,13.0624,30,0.033441,0.134275
6,128,0.225607,15.112,15.5849,13,0.043977,0.18163
6,136,0.18015,16.1071,14.0483,10,0.038909,0.141241
6,144,0.253744,17.2938,16.8357,34,0.039341,0.214403
6,152,0.233768,14.7376,15.1267,23,0.049591,0.184177
6,160,0.195149,18.7355,17.8706,24,0.050133,0.145017
6,168,0.205017,15.0359,15.9152,32,0.036564,0.168453
6,176,0.210332,17.5477,17.3675,22,0.043219,0.167113
6,184,0.188524,15.0617,15.5133,38,0.038512,0.150011
6,192,0.239185,16.597,16.5628,42,0.034681,0.204504
6,200,0.181737,15.572,14.9015,9,0.045367,0.13637
6,208,0.179411,17.3084,18.8306,19,0.028564,0.150847
6,216,0.200669,18.6918,19.1848,29,0.029722,0.170947
6,224,0.211601,14.597,14.8883,24,0.035486,0.176115
6,232,0.221836,18.8558,17.0924,39,0.0368,0.185036
6,240,0.212431,16.8215,16.2824,36,0.039029,0.173401
6,248,0.249048,17.7065,18.8394,20,0.03985,0.209198
6,256,0.21027,16.4988,16.2658,36,0.039834,0.170437
6,264,0.189149,17.8765,18.5701,33,0.036201,0.152947
6,272,0.163879,15.8791,15.5213,27,0.027464,0.136415
6,280,0.193593,13.6488,13.7504,20,0.028398,0.165194
6,288,0.227325,16.8718,18.1307,29,0.032318,0.195007
6,296,0.228125,12.5787,13.0665,14,0.04576,0.182365
6,304,0.289201,19.1525,17.9466,15,0.043826,0.245375
6,312,0.201114,17.7423,17.3319,23,0.030127,0.170987
6,320,0.193242,14.2968,15.549,39,0.032606,0.160636
6,328,0.203915,18.4871,18.2947,42,0.032799,0.171116
6,336,0.180806,15.1485,14.6994,9,0.036659,0.144147
6,344,0.232444,15.256,15.9886,24,0.048307,0.184136
6,352,0.245755,14.1585,14.2811,15,0.036568,0.209186
6,360,0.237194,17.8677,17.0525,18,0.033907,0.203288
6,368,0.258211,13.1329,12.5711,25,0.040732,0.217479
6,376,0.193873,15.1906,15.7114,16,0.037538,0.156334
6,384,0.221427,15.439,14.5334,31,0.038521,0.182905
6,392,0.2437,15.1593,14.7904,32,0.036967,0.206733
6,400,0.2145,17.6234,17.9827,24,0.045391,0.169109
6,408,0.206227,13.5641,14.0299,17,0.032789,0.173437
6,416,0.237117,20.7139,20.1088,23,0.041027,0.19609
6,424,0.200821,17.5812,17.9575,14,0.031606,0.169215
6,432,0.178079,11.989,12.7197,17,0.045495,0.132583
6,440,0.207671,14.8573,14.7431,23,0.040092,0.167579
6,448,0.239614,13.129,13.5283,23,0.032685,0.206929
6,456,0.19878,15.0218,15.1182,22,0.033987,0.164793
7,0,0.215985,17.3014,16.6412,26,0.03299,0.182995
7,8,0.259667,21.472,20.6891,14,0.045494,0.214173
7,16,0.190294,16.3071,17.0798,18,0.032219,0.158075
7,24,0.230133,16.9453,18.1118,21,0.045567,0.184565
7,32,0.221217,17.7386,18.3708,23,0.044562,0.176655
7,40,0.238961,16.7735,17.0588,10,0.036315,0.202646
7,48,0.216119,16.0185,16.0319,29,0.046874,0.169245
7,56,0.203654,16.0984,17.2867,24,0.03383,0.169824
7,64,0.210168,15.5203,14.2012,19,0.037534,0.172634
7,72,0.218966,16.2304,15.9139,32,0.041116,0.177849
7,80,0.185316,15.7629,15.3669,27,0.032704,0.152612
7,88,0.219901,16.3949,18.136,24,0.037701,0.1822
7,96,0.207694,13.567,15.1303,19,0.032827,0.174866
7,104,0.206794,16.6933,16.3014,36,0.04104,0.165755
7,112,0.206933,14.1872,15.212,25,0.036818,0.170115
7,120,0.215618,14.4471,14.8332,33,0.042179,0.173438
7,128,0.193413,16.3655,16.1536,35,0.030057,0.163357
7,136,0.179502,17.6195,17.0118,21,0.033038,0.146463
7,144,0.215142,15.2321,14.2907,35,0.036868,0.178274
7,152,0.191856,13.912,13.2371,16,0.036927,0.15493
7,160,0.192187,16.1677,17.6048,19,0.035505,0.156683
7,168,0.192144,12.9467,13.3619,29,0.030912,0.161232
7,176,0.236044,17.8317,16.2899,34,0.035459,0.200585
7,184,0.163842,11.6794,11.3719,9,0.045414,0.118428
7,192,0.178754,11.9423,11.7354,28,0.03456,0.144194
7,200,0.223689,14.5192,15.4524,18,0.034474,0.189215
7,208,0.210554,18.096,16.7933,19,0.030683,0.179872
7,216,0.204657,17.3373,17.0317,21,0.029806,0.17485
7,224,0.236392,16.8958,16.0963,24,0.035551,0.200841
7,232,0.244654,16.9399,16.9266,37,0.046933,0.197721
7,240,0.201359,14.8589,14.8752,39,0.041792,0.159567
7,248,0.221008,15.8996,15.8438,26,0.033315,0.187694
7,256,0.143171,11.5837,11.1139,9,0.034706,0.108465
7,264,0.207336,20.4354,19.3199,13,0.028769,0.178566
7,272,0.180139,13.7637,13.925,19,0.044988,0.135151
7,280,0.196863,14.847,14.8858,17,0.047486,0.149377
7,288,0.215763,18.7628,17.1499,26,0.042104,0.173659
7,296,0.204506,17.1093,18.5612,10,0.032951,0.171555
7,304,0.168699,13.9166,15.438,20,0.033251,0.135448
7,312,0.231174,13.7284,16.9025,21,0.036928,0.194247
7,320,0.223891,16.2686,17.3579,19,0.042822,0.181069
7,328,0.227921,14.3656,16.1013,22,0.043479,0.184442
7,336,0.180781,14.3508,13.8465,25,0.035308,0.145473
7,344,0.214251,13.5618,12.8626,25,0.036523,0.177728
7,352,0.17981,13.2564,12.9962,39,0.039373,0.140438
7,360,0.190398,14.7962,14.1734,14,0.032333,0.158066
7,368,0.201625,14.7482,14.1798,26,0.036799,0.164826
7,376,0.187305,16.4743,17.5218,20,0.033976,0.153329
7,384,0.212368,15.9436,15.0482,25,0.043307,0.169061
7,392,0.195206,12.5043,13.1071,30,0.042237,0.152969
7,400,0.185682,14.1319,12.7933,18,0.033037,0.152645
7,408,0.189103,15.0833,15.0154,11,0.035478,0.153625
7,416,0.216598,12.8425,12.9843,22,0.049018,0.167581
7,424,0.210995,12.473,12.0908,13,0.045545,0.16545
7,432,0.176619,15.2786,16.0878,33,0.035775,0.140844
7,440,0.172316,13.4521,13.412,16,0.028497,0.143819
7,448,0.189202,12.7225,11.7038,30,0.032384,0.156818
7,456,0.205103,14.3207,14.6841,25,0.040565,0.164539
8,0,0.168064,13.8223,14.1372,18,0.032718,0.135345
8,8,0.206756,15.623,14.5738,24,0.037796,0.16896
8,16,0.188269,14.8358,14.4005,20,0.028443,0.159826
8,24,0.175691,16.0004,15.6087,35,0.038375,0.137316
8,32,0.325694,15.6212,11.5154,11,0.058393,0.267301
8,40,0.189948,15.8483,15.72,31,0.038163,0.151785
8,48,0.220512,14.7536,12.5356,14,0.054077,0.166435
8,56,0.192456,14.7853,14.6651,18,0.0318,0.160656
8,64,0.207323,17.2737,17.3673,21,0.038226,0.169097
8,72,0.182214,12.868,11.9893,13,0.027257,0.154957
8,80,0.182118,12.7702,13.616,23,0.037602,0.144516
8,88,0.214582,15.6731,14.7634,22,0.035755,0.178827
8,96,0.220182,14.8385,14.0653,19,0.031811,0.188371
8,104,0.198737,11.0207,11.2026,14,0.036313,0.162424
8,112,0.208083,15.6275,14.7883,20,0.049219,0.158864
8,120,0.168952,11.6685,10.2643,16,0.041247,0.127705
8,128,0.20139,17.2014,15.0833,17,0.029483,0.171907
8,136,0.239499,16.0613,16.072,27,0.040489,0.19901
8,144,0.194928,13.5288,13.2788,27,0.038118,0.15681
8,152,0.222163,11.3295,11.1259,14,0.045639,0.176524
8,160,0.199535,17.3353,18.8004,16,0.037728,0.161807
8,168,0.211605,18.315,15.3654,13,0.050897,0.160708
8,176,0.281958,20.1615,21.0538,18,0.05176,0.230198
8,184,0.197486,14.0984,15.9746,19,0.033923,0.163564
8,192,0.205435,11.7403,11.8629,20,0.029912,0.175523
8,200,0.252999,14.8043,16.3371,29,0.047076,0.205924
8,208,0.163455,15.2394,16.2269,18,0.03964,0.123816
8,216,0.257978,15.5602,14.662,25,0.029225,0.228753
8,224,0.184291,14.0118,14.9296,26,0.034393,0.149897
8,232,0.215631,12.8268,14.0434,13,0.041714,0.173916
8,240,0.225348,14.5895,17.3616,18,0.047747,0.177601
8,248,0.167967,14.8673,14.3973,25,0.042073,0.125894
8,256,0.191637,12.6909,13.3535,19,0.036535,0.155103
8,264,0.217308,14.8932,15.3539,24,0.045341,0.171967
8,272,0.182231,15.6991,15.2632,32,0.034947,0.147284
8,280,0.145925,11.4831,11.608,20,0.038271,0.107654
8,288,0.169006,14.4236,14.6926,39,0.032441,0.136565
8,296,0.214737,13.1612,13.7556,13,0.034998,0.179739
8,304,0.246652,15.2922,15.3149,22,0.038754,0.207898
8,312,0.248879,16.192,17.1634,41,0.038395,0.210484
8,320,0.186284,15.0364,14.5329,16,0.03893,0.147354
8,328,0.214005,16.3956,16.5643,46,0.035454,0.178551
8,336,0.212251,15.4436,14.2794,11,0.025599,0.186652
8,344,0.279453,15.8139,16.7905,34,0.047849,0.231603
8,352,0.199418,15.1984,15.0193,26,0.029981,0.169437
8,360,0.187364,16.539,14.2403,14,0.029287,0.158077
8,368,0.216174,16.9975,16.5517,31,0.039984,0.17619
8,376,0.196511,16.8927,18.7629,21,0.035228,0.161283
8,384,0.213675,15.3527,15.4765,25,0.037122,0.176553
8,392,0.231956,12.876,12.9974,30,0.042042,0.189915
8,400,0.169162,16.1649,14.7318,17,0.043695,0.125467
8,408,0.194184,12.2687,12.2403,21,0.035964,0.15822
8,416,0.167373,10.1101,10.588,15,0.033357,0.134016
8,424,0.151001,9.894,9.8183,15,0.032634,0.118366
8,432,0.223134,13.4369,14.016,11,0.031421,0.191712
8,440,0.177715,14.9109,15.5212,24,0.029413,0.148301
8,448,0.303796,14.7785,15.6149,14,0.049358,0.254438
8,456,0.204012,18.0143,18.215,16,0.037972,0.16604
9,0,0.152891,13.8171,13.3694,12,0.02906,0.123831
9,8,0.172863,15.1028,15.1872,39,0.032806,0.140058
9,16,0.220995,14.0624,13.3225,20,0.040811,0.180184
9,24,0.214102,13.4449,13.8989,26,0.034819,0.179283
9,32,0.254486,14.0396,14.2855,12,0.037897,0.216588
9,40,0.22142,14.1357,14.1144,41,0.044461,0.176958
9,48,0.223515,14.1825,15.6133,28,0.039577,0.183938
9,56,0.237629,15.1187,18.7162,12,0.042716,0.194913
9,64,0.193413,12.4703,12.1431,30,0.036695,0.156718
9,72,0.150107,10.2323,10.0955,18,0.029779,0.120329
9,80,0.193947,15.6192,15.4931,20,0.030424,0.163523
9,88,0.228117,14.3017,15.3956,39,0.033698,0.194419
9,96,0.173763,14.7103,14.0382,31,0.031823,0.14194
9,104,0.191313,13.5096,13.6889,40,0.034776,0.156537
9,112,0.170892,15.0348,14.6924,25,0.037563,0.133328
9,120,0.214496,13.9737,14.6268,25,0.03749,0.177006
9,128,0.295963,17.2914,20.9724,10,0.043611,0.252352
9,136,0.13644,13.6693,13.9576,13,0.033201,0.103239
9,144,0.173069,13.8413,13.9383,25,0.033087,0.139982
9,152,0.232684,13.7834,13.7389,26,0.041335,0.19135
9,160,0.293658,14.6842,14.5986,8,0.047076,0.246583
9,168,0.17965,12.8663,13.4533,21,0.030678,0.148972
9,176,0.242473,18.6757,20.2211,20,0.034451,0.208022
9,184,0.180769,15.7969,15.2626,22,0.036191,0.144578
9,192,0.177111,16.0292,16.6598,30,0.033878,0.143233
9,200,0.185582,13.7301,13.862,18,0.031668,0.153914
9,208,0.190845,14.1332,13.0168,31,0.046554,0.144291
9,216,0.211003,14.4217,14.0379,29,0.042216,0.168788
9,224,0.203318,13.975,14.2007,32,0.038685,0.164633
9,232,0.223686,17.2356,15.788,23,0.032336,0.19135
9,240,0.185486,16.0985,15.2289,28,0.040216,0.145269
9,248,0.181269,15.1152,15.086,17,0.034136,0.147133
9,256,0.204866,15.7271,16.5897,38,0.044942,0.159924
9,264,0.174953,11.2606,11.6689,16,0.040144,0.134809
9,272,0.212619,14.5507,14.7186,24,0.033896,0.178723
9,280,0.206735,12.4182,12.1449,30,0.042583,0.164151
9,288,0.185584,14.5296,14.0975,25,0.03728,0.148305
9,296,0.160999,13.6855,14.0808,30,0.033368,0.12763
9,304,0.247012,16.1514,16.5745,17,0.051507,0.195504
9,312,0.207288,12.8676,12.3277,36,0.042105,0.165183
9,320,0.242862,15.8128,15.9363,17,0.047022,0.19584
9,328,0.199552,12.3427,12.1467,17,0.049196,0.150356
9,336,0.164145,14.9829,14.083,41,0.035099,0.129046
9,344,0.141486,12.8629,12.7039,20,0.027337,0.114149
9,352,0.216881,15.4705,14.6624,16,0.038155,0.178726
9,360,0.171258,13.0916,13.0115,28,0.035323,0.135935
9,368,0.154018,12.6316,13.2898,18,0.033057,0.12096
9,376,0.213327,17.0545,14.8509,16,0.051214,0.162113
9,384,0.222125,11.1176,12.6061,13,0.042617,0.179507
9,392,0.151045,12.211,11.4503,9,0.039843,0.111202
9,400,0.205024,16.434,15.4272,33,0.040844,0.16418
9,408,0.21464,13.9315,15.0561,32,0.044778,0.169862
9,416,0.158101,11.7154,10.6477,13,0.03739,0.12071
9,424,0.149797,11.056,11.9747,28,0.031401,0.118396
9,432,0.234407,16.5267,16.5399,35,0.033834,0.200573
9,440,0.196367,18.1481,17.5976,16,0.034802,0.161565
9,448,0.198733,13.7996,14.2858,15,0.044033,0.154701
9,456,0.187777,15.636,16.5936,49,0.030803,0.156975
10,0,0.156577,13.5021,14.2359,28,0.028773,0.127804
10,8,0.156234,13.5072,13.0101,19,0.039386,0.116848
10,16,0.148864,13.8625,12.8199,11,0.038169,0.110695
10,24,0.1625,12.7171,13.2203,24,0.035735,0.126766
10,32,0.246819,17.1073,19.5038,12,0.031274,0.215545
10,40,0.252976,17.3624,17.2691,27,0.045221,0.207755
10,48,0.20026,14.371,15.0437,21,0.032671,0.16759
10,56,0.215877,12.486,10.7997,16,0.036805,0.179073
10,64,0.197781,15.9576,18.1383,18,0.0282,0.169581
10,72,0.206298,16.1647,15.7094,32,0.033971,0.172327
10,80,0.157565,12.8214,11.6296,21,0.029537,0.128028
10,88,0.157848,10.8851,11.3274,14,0.032899,0.124949
10,96,0.169655,13.3773,12.5886,39,0.03555,0.134105
